IP地址,数据中心,地区,城市,网络延迟
104.25.96.17,LAX,北美洲,洛杉矶,158 ms
104.24.175.110,LAX,北美洲,洛杉矶,163 ms
104.25.53.41,LAX,北美洲,洛杉矶,164 ms
104.25.10.131,LAX,北美洲,洛杉矶,164 ms
104.25.65.158,LAX,北美洲,洛杉矶,165 ms
104.17.186.79,SJC,北美洲,圣何塞,165 ms
104.24.158.85,LAX,北美洲,洛杉矶,166 ms
104.24.232.230,LAX,北美洲,洛杉矶,166 ms
104.19.1.144,LAX,北美洲,洛杉矶,166 ms
172.64.230.38,LAX,北美洲,洛杉矶,166 ms
104.22.9.237,LAX,北美洲,洛杉矶,168 ms
104.19.121.251,LAX,北美洲,洛杉矶,168 ms
172.64.83.104,LAX,北美洲,洛杉矶,168 ms
104.22.45.244,LAX,北美洲,洛杉矶,168 ms
45.131.4.206,LAX,北美洲,洛杉矶,168 ms
104.18.216.111,SJC,北美洲,圣何塞,168 ms
104.25.93.246,LAX,北美洲,洛杉矶,168 ms
104.16.35.77,SJC,北美洲,圣何塞,168 ms
104.25.75.218,LAX,北美洲,洛杉矶,169 ms
104.18.240.32,SJC,北美洲,圣何塞,169 ms
